{
    "율동삼거리":[
        35.557108,
        129.378921
    ],
    "한채사거리":[
        35.532222,
        129.432841
    ],
    "길촌사거리":[
        35.561682,
        129.303628
    ],
    "자동차해안문":[
        35.523439,
        129.391741
    ],
    "호연초등학교앞":[
        35.568699,
        129.249136
    ],
    "번호판제작소앞":[
        35.522083,
        129.344704
    ],
    "신복로터리":[
        35.550076,
        129.263777
    ],
    "두왕삼거리":[
        35.500251,
        129.300736
    ],
    "울산대교 동측":[
        35.512545,
        129.397303
    ],
    "난곡사거리":[
        35.553431,
        129.285444
    ],
    "남구보건소사거리":[
        35.54433,
        129.335624
    ],
    "서부초등학교앞":[
        35.525864,
        129.424453
    ],
    "언양교차로":[
        35.572884,
        129.129761
    ],
    "일산교차로":[
        35.496907,
        129.427662
    ],
    "크로바아파트앞":[
        35.545372,
        129.301805
    ],
    "산안사거리":[
        35.515439,
        129.358463
    ],
    "웅비공업지구":[
        35.433981,
        129.19017
    ],
    "태화강역삼거리":[
        35.539802,
        129.351743
    ],
    "동덕아파트앞":[
        35.564744,
        129.328218
    ],
    "개산교":[
        35.492812,
        129.294168
    ],
    "번영교북교차로":[
        35.552456,
        129.323442
    ],
    "율리공영삼거리":[
        35.529292,
        129.247291
    ],
    "삼산사거리":[
        35.539934,
        129.344018
    ],
    "신답사거리":[
        35.629347,
        129.345924
    ],
    "곡천삼거리":[
        35.467016,
        129.212054
    ],
    "군청사거리":[
        35.534324,
        129.294912
    ],
    "강변아파트앞":[
        35.552325,
        129.30049
    ],
    "새터삼거리":[
        35.519529,
        129.339908
    ],
    "구남교차로":[
        35.589784,
        129.418834
    ],
    "효문사거리":[
        35.561578,
        129.361514
    ],
    "야음사거리":[
        35.525271,
        129.330612
    ],
    "신천교삼거리":[
        35.632467,
        129.345806
    ],
    "복산 삼거리":[
        35.563171,
        129.326532
    ],
    "인보교":[
        35.565917,
        129.193133
    ],
    "다운동아앞":[
        35.568257,
        129.266379
    ],
    "명촌교북단사거리":[
        35.549054,
        129.357591
    ],
    "대학병원삼거리":[
        35.520133,
        129.427315
    ],
    "예술회관사거리":[
        35.541685,
        129.326274
    ],
    "구펄길사거리":[
        35.559329,
        129.340346
    ],
    "매곡교차로":[
        35.649121,
        129.358467
    ],
    "북정 교차로":[
        35.561493,
        129.318781
    ],
    "효성사택앞":[
        35.533801,
        129.298215
    ],
    "문수사입구":[
        35.526404,
        129.245383
    ],
    "미포조선삼거리":[
        35.510173,
        129.403563
    ],
    "터미널사거리":[
        35.539686,
        129.339293
    ],
    "이수화학삼거리":[
        35.438381,
        129.330736
    ],
    "반정삼거리":[
        35.491105,
        129.229492
    ],
    "kbs사거리":[
        35.545321,
        129.324666
    ],
    "명촌교남교차":[
        35.542121,
        129.354128
    ],
    "현대해양사업본부앞":[
        35.491662,
        129.411453
    ],
    "현대하이스코울산공장":[
        35.527627,
        129.387476
    ],
    "울산기능대앞":[
        35.580675,
        129.346444
    ],
    "진목들앞":[
        35.573128,
        129.214527
    ],
    "두동사거리":[
        35.570038,
        129.232499
    ],
    "신답삼거리":[
        35.629786,
        129.347817
    ],
    "서울산IC":[
        35.554273,
        129.124435
    ],
    "시청사거리":[
        35.538184,
        129.312833
    ],
    "명촌교남단":[
        35.544044,
        129.355281
    ],
    "울산지방경찰청":[
        35.57075,
        129.314554
    ],
    "테크노삼거리":[
        35.561244,
        129.277775
    ],
    "일산초교앞":[
        35.504512,
        129.425141
    ],
    "시리성삼거리":[
        35.51303,
        129.423242
    ],
    "와와공원앞":[
        35.550175,
        129.279581
    ],
    "중부경찰서앞":[
        35.57012,
        129.348629
    ],
    "형제가든앞":[
        35.526643,
        129.285056
    ],
    "덕정사거리":[
        35.487489,
        129.292375
    ],
    "화철령":[
        35.386108,
        129.255504
    ],
    "북정삼거리":[
        35.562212,
        129.322077
    ],
    "대구분식앞":[
        35.556676,
        129.277547
    ],
    "고늘사거리":[
        35.502526,
        129.429066
    ],
    "천곡삼거리":[
        35.632586,
        129.345654
    ],
    "개운삼거리":[
        35.478811,
        129.345941
    ],
    "구삼호교남단":[
        35.55244,
        129.274525
    ],
    "울산현대주행시험장":[
        35.545102,
        129.36868
    ],
    "공업탑로터리":[
        35.532229,
        129.30745
    ],
    "오일뱅크울산저유지앞":[
        35.488816,
        129.414428
    ],
    "달동사거리":[
        35.533991,
        129.314497
    ],
    "말미":[
        35.579417,
        129.265275
    ],
    "두왕사거리":[
        35.503299,
        129.30872
    ],
    "문재사거리":[
        35.487187,
        129.417849
    ],
    "염포삼거리":[
        35.524676,
        129.399907
    ],
    "신정사거리":[
        35.541875,
        129.311326
    ],
    "감나무진사거리":[
        35.517326,
        129.310025
    ],
    "남목삼거리":[
        35.539603,
        129.424351
    ],
    "무거삼거리":[
        35.535904,
        129.254231
    ],
    "달리사거리":[
        35.540078,
        129.320275
    ],
    "상안교사거리":[
        35.625454,
        129.351064
    ],
    "대송동지하차도 동측":[
        35.504587,
        129.42512
    ],
    "SK삼거리":[
        35.510644,
        129.344087
    ],
    "울산역":[
        35.550723,
        129.139048
    ],
    "옥현사거리":[
        35.53849,
        129.266912
    ],
    "염포산영업소":[
        35.508891,
        129.410397
    ],
    "대덕삼거리":[
        35.441916,
        129.33486
    ],
    "산하교":[
        35.487123,
        129.220986
    ],
    "찬물락삼거리":[
        35.504346,
        129.429593
    ],
    "안국한의원앞사거리":[
        35.556005,
        129.325189
    ],
    "매암사거리":[
        35.51247,
        129.367431
    ],
    "태화교사거리":[
        35.553348,
        129.308992
    ],
    "외항로교차로":[
        35.461748,
        129.334005
    ],
    "화물차검문소":[
        35.411888,
        129.26918
    ],
    "학성교북교차로":[
        35.551208,
        129.340409
    ],
    "가구삼거리":[
        35.551501,
        129.33586
    ],
    "내황삼거리":[
        35.550825,
        129.347061
    ],
    "KT남울산지사":[
        35.522779,
        129.331533
    ],
    "ubc사거리":[
        35.538936,
        129.33541
    ],
    "염포동고가차도 서측":[
        35.519381,
        129.399187
    ],
    "국제상사대리점앞":[
        35.629351,
        129.351111
    ],
    "굴화주공2차":[
        35.557106,
        129.260742
    ],
    "동평사거리":[
        35.535991,
        129.321829
    ],
    "시장2리사거리":[
        35.626067,
        129.352438
    ],
    "동촌교":[
        35.569668,
        129.250338
    ],
    "고려화학앞":[
        35.519096,
        129.397744
    ],
    "덕하삼거리":[
        35.495591,
        129.306074
    ],
    "동중 삼거리":[
        35.574457,
        129.338873
    ],
    "대송동지하차도 서측":[
        35.506994,
        129.417629
    ],
    "성광여고":[
        35.541079,
        129.265609
    ],
    "번영사거리":[
        35.537506,
        129.327968
    ],
    "울산과학대앞":[
        35.49811,
        129.417799
    ],
    "백천교사거리":[
        35.562277,
        129.248464
    ],
    "다운사거리":[
        35.555745,
        129.276063
    ],
    "시내버스터미널삼거리":[
        35.534428,
        129.350847
    ],
    "방어진삼거리":[
        35.490273,
        129.425627
    ],
    "서동삼거리":[
        35.578956,
        129.342002
    ],
    "현대강관삼거리":[
        35.529905,
        129.394537
    ],
    "성내삼거리":[
        35.521334,
        129.398042
    ],
    "명동삼거리":[
        35.509663,
        129.335789
    ],
    "동구청사거리":[
        35.504162,
        129.417038
    ],
    "제네삼거리":[
        35.473968,
        129.294203
    ],
    "산림조합앞":[
        35.547105,
        129.261955
    ],
    "현대주유소앞":[
        35.53226,
        129.412162
    ],
    "mbc사거리":[
        35.561238,
        129.331325
    ],
    "우정삼거리":[
        35.556455,
        129.30964
    ],
    "원산삼거리":[
        35.410644,
        129.341956
    ],
    "치용삼거리":[
        35.466522,
        129.332384
    ],